[no_mask]_0.jpg,0
[no_mask]_1.jpg,0
[no_mask]_10.jpg,0
[no_mask]_100.jpg,0
[no_mask]_101.jpg,0
[no_mask]_102.jpg,0
[no_mask]_103.jpg,0
[no_mask]_104.jpg,0
[no_mask]_105.jpg,0
[no_mask]_106.jpg,0
[no_mask]_107.jpg,0
[no_mask]_108.jpg,0
[no_mask]_109.jpg,0
[no_mask]_11.jpg,0
[no_mask]_110.jpg,0
[no_mask]_111.jpg,0
[no_mask]_112.jpg,0
[no_mask]_113.jpg,0
[no_mask]_114.jpg,0
[no_mask]_115.jpg,0
[no_mask]_116.jpg,0
[no_mask]_117.jpg,0
[no_mask]_118.jpg,0
[no_mask]_119.jpg,0
[no_mask]_12.jpg,0
[no_mask]_120.jpg,0
[no_mask]_121.jpg,0
[no_mask]_122.jpg,0
[no_mask]_123.jpg,0
[no_mask]_124.jpg,0
[no_mask]_125.jpg,0
[no_mask]_126.jpg,0
[no_mask]_127.jpg,0
[no_mask]_128.jpg,0
[no_mask]_129.jpg,0
[no_mask]_13.jpg,0
[no_mask]_130.jpg,0
[no_mask]_131.jpg,0
[no_mask]_132.jpg,0
[no_mask]_133.jpg,0
[no_mask]_134.jpg,0
[no_mask]_135.jpg,0
[no_mask]_136.jpg,0
[no_mask]_137.jpg,0
[no_mask]_138.jpg,0
[no_mask]_139.jpg,0
[no_mask]_14.jpg,0
[no_mask]_140.jpg,0
[no_mask]_141.jpg,0
[no_mask]_142.jpg,0
[no_mask]_143.jpg,0
[no_mask]_144.jpg,0
[no_mask]_145.jpg,0
[no_mask]_146.jpg,0
[no_mask]_147.jpg,0
[no_mask]_148.jpg,0
[no_mask]_149.jpg,0
[no_mask]_15.jpg,0
[no_mask]_150.jpg,0
[no_mask]_151.jpg,0
[no_mask]_152.jpg,0
[no_mask]_153.jpg,0
[no_mask]_154.jpg,0
[no_mask]_155.jpg,0
[no_mask]_156.jpg,0
[no_mask]_157.jpg,0
[no_mask]_158.jpg,0
[no_mask]_159.jpg,0
[no_mask]_16.jpg,0
[no_mask]_160.jpg,0
[no_mask]_161.jpg,0
[no_mask]_162.jpg,0
[no_mask]_163.jpg,0
[no_mask]_164.jpg,0
[no_mask]_165.jpg,0
[no_mask]_166.jpg,0
[no_mask]_167.jpg,0
[no_mask]_168.jpg,0
[no_mask]_169.jpg,0
[no_mask]_17.jpg,0
[no_mask]_170.jpg,0
[no_mask]_171.jpg,0
[no_mask]_172.jpg,0
[no_mask]_173.jpg,0
[no_mask]_174.jpg,0
[no_mask]_175.jpg,0
[no_mask]_176.jpg,0
[no_mask]_177.jpg,0
[no_mask]_178.jpg,0
[no_mask]_179.jpg,0
[no_mask]_18.jpg,0
[no_mask]_180.jpg,0
[no_mask]_181.jpg,0
[no_mask]_182.jpg,0
[no_mask]_183.jpg,0
[no_mask]_184.jpg,0
[no_mask]_185.jpg,0
[no_mask]_186.jpg,0
[no_mask]_187.jpg,0
[no_mask]_188.jpg,0
[no_mask]_189.jpg,0
[no_mask]_19.jpg,0
[no_mask]_190.jpg,0
[no_mask]_191.jpg,0
[no_mask]_192.jpg,0
[no_mask]_193.jpg,0
[no_mask]_194.jpg,0
[no_mask]_195.jpg,0
[no_mask]_196.jpg,0
[no_mask]_197.jpg,0
[no_mask]_198.jpg,0
[no_mask]_199.jpg,0
[no_mask]_2.jpg,0
[no_mask]_20.jpg,0
[no_mask]_200.jpg,0
[no_mask]_201.jpg,0
[no_mask]_202.jpg,0
[no_mask]_203.jpg,0
[no_mask]_204.jpg,0
[no_mask]_205.jpg,0
[no_mask]_206.jpg,0
[no_mask]_207.jpg,0
[no_mask]_208.jpg,0
[no_mask]_209.jpg,0
[no_mask]_21.jpg,0
[no_mask]_210.jpg,0
[no_mask]_211.jpg,0
[no_mask]_212.jpg,0
[no_mask]_213.jpg,0
[no_mask]_214.jpg,0
[no_mask]_215.jpg,0
[no_mask]_216.jpg,0
[no_mask]_217.jpg,0
[no_mask]_218.jpg,0
[no_mask]_219.jpg,0
[no_mask]_22.jpg,0
[no_mask]_220.jpg,0
[no_mask]_221.jpg,0
[no_mask]_222.jpg,0
[no_mask]_223.jpg,0
[no_mask]_224.jpg,0
[no_mask]_225.jpg,0
[no_mask]_226.jpg,0
[no_mask]_227.jpg,0
[no_mask]_228.jpg,0
[no_mask]_229.jpg,0
[no_mask]_23.jpg,0
[no_mask]_230.jpg,0
[no_mask]_231.jpg,0
[no_mask]_232.jpg,0
[no_mask]_233.jpg,0
[no_mask]_234.jpg,0
[no_mask]_235.jpg,0
[no_mask]_236.jpg,0
[no_mask]_237.jpg,0
[no_mask]_238.jpg,0
[no_mask]_239.jpg,0
[no_mask]_24.jpg,0
[no_mask]_240.jpg,0
[no_mask]_241.jpg,0
[no_mask]_242.jpg,0
[no_mask]_243.jpg,0
[no_mask]_244.jpg,0
[no_mask]_245.jpg,0
[no_mask]_246.jpg,0
[no_mask]_247.jpg,0
[no_mask]_248.jpg,0
[no_mask]_249.jpg,0
[no_mask]_25.jpg,0
[no_mask]_250.jpg,0
[no_mask]_251.jpg,0
[no_mask]_252.jpg,0
[no_mask]_253.jpg,0
[no_mask]_254.jpg,0
[no_mask]_255.jpg,0
[no_mask]_256.jpg,0
[no_mask]_257.jpg,0
[no_mask]_258.jpg,0
[no_mask]_259.jpg,0
[no_mask]_26.jpg,0
[no_mask]_260.jpg,0
[no_mask]_261.jpg,0
[no_mask]_262.jpg,0
[no_mask]_263.jpg,0
[no_mask]_264.jpg,0
[no_mask]_265.jpg,0
[no_mask]_266.jpg,0
[no_mask]_267.jpg,0
[no_mask]_268.jpg,0
[no_mask]_269.jpg,0
[no_mask]_27.jpg,0
[no_mask]_270.jpg,0
[no_mask]_271.jpg,0
[no_mask]_272.jpg,0
[no_mask]_273.jpg,0
[no_mask]_274.jpg,0
[no_mask]_275.jpg,0
[no_mask]_276.jpg,0
[no_mask]_277.jpg,0
[no_mask]_278.jpg,0
[no_mask]_279.jpg,0
[no_mask]_28.jpg,0
[no_mask]_280.jpg,0
[no_mask]_281.jpg,0
[no_mask]_282.jpg,0
[no_mask]_283.jpg,0
[no_mask]_284.jpg,0
[no_mask]_285.jpg,0
[no_mask]_286.jpg,0
[no_mask]_287.jpg,0
[no_mask]_288.jpg,0
[no_mask]_289.jpg,0
[no_mask]_29.jpg,0
[no_mask]_290.jpg,0
[no_mask]_291.jpg,0
[no_mask]_292.jpg,0
[no_mask]_293.jpg,0
[no_mask]_294.jpg,0
[no_mask]_295.jpg,0
[no_mask]_296.jpg,0
[no_mask]_297.jpg,0
[no_mask]_298.jpg,0
[no_mask]_299.jpg,0
[no_mask]_3.jpg,0
[no_mask]_30.jpg,0
[no_mask]_300.jpg,0
[no_mask]_301.jpg,0
[no_mask]_302.jpg,0
[no_mask]_303.jpg,0
[no_mask]_304.jpg,0
[no_mask]_305.jpg,0
[no_mask]_306.jpg,0
[no_mask]_307.jpg,0
[no_mask]_308.jpg,0
[no_mask]_309.jpg,0
[no_mask]_31.jpg,0
[no_mask]_310.jpg,0
[no_mask]_311.jpg,0
[no_mask]_312.jpg,0
[no_mask]_313.jpg,0
[no_mask]_314.jpg,0
[no_mask]_315.jpg,0
[no_mask]_316.jpg,0
[no_mask]_317.jpg,0
[no_mask]_318.jpg,0
[no_mask]_319.jpg,0
[no_mask]_32.jpg,0
[no_mask]_320.jpg,0
[no_mask]_321.jpg,0
[no_mask]_322.jpg,0
[no_mask]_323.jpg,0
[no_mask]_324.jpg,0
[no_mask]_325.jpg,0
[no_mask]_326.jpg,0
[no_mask]_327.jpg,0
[no_mask]_328.jpg,0
[no_mask]_329.jpg,0
[no_mask]_33.jpg,0
[no_mask]_330.jpg,0
[no_mask]_331.jpg,0
[no_mask]_332.jpg,0
[no_mask]_333.jpg,0
[no_mask]_334.jpg,0
[no_mask]_335.jpg,0
[no_mask]_336.jpg,0
[no_mask]_337.jpg,0
[no_mask]_338.jpg,0
[no_mask]_339.jpg,0
[no_mask]_34.jpg,0
[no_mask]_340.jpg,0
[no_mask]_341.jpg,0
[no_mask]_342.jpg,0
[no_mask]_343.jpg,0
[no_mask]_344.jpg,0
[no_mask]_345.jpg,0
[no_mask]_346.jpg,0
[no_mask]_347.jpg,0
[no_mask]_348.jpg,0
[no_mask]_349.jpg,0
[no_mask]_35.jpg,0
[no_mask]_350.jpg,0
[no_mask]_351.jpg,0
[no_mask]_352.jpg,0
[no_mask]_353.jpg,0
[no_mask]_354.jpg,0
[no_mask]_355.jpg,0
[no_mask]_356.jpg,0
[no_mask]_357.jpg,0
[no_mask]_358.jpg,0
[no_mask]_359.jpg,0
[no_mask]_36.jpg,0
[no_mask]_360.jpg,0
[no_mask]_361.jpg,0
[no_mask]_362.jpg,0
[no_mask]_363.jpg,0
[no_mask]_364.jpg,0
[no_mask]_365.jpg,0
[no_mask]_366.jpg,0
[no_mask]_367.jpg,0
[no_mask]_368.jpg,0
[no_mask]_369.jpg,0
[no_mask]_37.jpg,0
[no_mask]_370.jpg,0
[no_mask]_371.jpg,0
[no_mask]_372.jpg,0
[no_mask]_373.jpg,0
[no_mask]_374.jpg,0
[no_mask]_375.jpg,0
[no_mask]_376.jpg,0
[no_mask]_377.jpg,0
[no_mask]_378.jpg,0
[no_mask]_379.jpg,0
[no_mask]_38.jpg,0
[no_mask]_380.jpg,0
[no_mask]_381.jpg,0
[no_mask]_382.jpg,0
[no_mask]_383.jpg,0
[no_mask]_384.jpg,0
[no_mask]_385.jpg,0
[no_mask]_386.jpg,0
[no_mask]_387.jpg,0
[no_mask]_388.jpg,0
[no_mask]_389.jpg,0
[no_mask]_39.jpg,0
[no_mask]_390.jpg,0
[no_mask]_391.jpg,0
[no_mask]_392.jpg,0
[no_mask]_393.jpg,0
[no_mask]_394.jpg,0
[no_mask]_395.jpg,0
[no_mask]_396.jpg,0
[no_mask]_397.jpg,0
[no_mask]_398.jpg,0
[no_mask]_4.jpg,0
[no_mask]_40.jpg,0
[no_mask]_41.jpg,0
[no_mask]_42.jpg,0
[no_mask]_43.jpg,0
[no_mask]_44.jpg,0
[no_mask]_45.jpg,0
[no_mask]_46.jpg,0
[no_mask]_47.jpg,0
[no_mask]_48.jpg,0
[no_mask]_49.jpg,0
[no_mask]_5.jpg,0
[no_mask]_50.jpg,0
[no_mask]_51.jpg,0
[no_mask]_52.jpg,0
[no_mask]_53.jpg,0
[no_mask]_54.jpg,0
[no_mask]_55.jpg,0
[no_mask]_56.jpg,0
[no_mask]_57.jpg,0
[no_mask]_58.jpg,0
[no_mask]_59.jpg,0
[no_mask]_6.jpg,0
[no_mask]_60.jpg,0
[no_mask]_61.jpg,0
[no_mask]_62.jpg,0
[no_mask]_63.jpg,0
[no_mask]_64.jpg,0
[no_mask]_65.jpg,0
[no_mask]_66.jpg,0
[no_mask]_67.jpg,0
[no_mask]_68.jpg,0
[no_mask]_69.jpg,0
[no_mask]_7.jpg,0
[no_mask]_70.jpg,0
[no_mask]_71.jpg,0
[no_mask]_72.jpg,0
[no_mask]_73.jpg,0
[no_mask]_74.jpg,0
[no_mask]_75.jpg,0
[no_mask]_76.jpg,0
[no_mask]_77.jpg,0
[no_mask]_78.jpg,0
[no_mask]_79.jpg,0
[no_mask]_8.jpg,0
[no_mask]_80.jpg,0
[no_mask]_81.jpg,0
[no_mask]_82.jpg,0
[no_mask]_83.jpg,0
[no_mask]_84.jpg,0
[no_mask]_85.jpg,0
[no_mask]_86.jpg,0
[no_mask]_87.jpg,0
[no_mask]_88.jpg,0
[no_mask]_89.jpg,0
[no_mask]_9.jpg,0
[no_mask]_90.jpg,0
[no_mask]_91.jpg,0
[no_mask]_92.jpg,0
[no_mask]_93.jpg,0
[no_mask]_94.jpg,0
[no_mask]_95.jpg,0
[no_mask]_96.jpg,0
[no_mask]_97.jpg,0
[no_mask]_98.jpg,0
[no_mask]_99.jpg,0
[cloth]_0.jpg,1
[cloth]_1.jpg,1
[cloth]_10.jpg,1
[cloth]_100.jpg,1
[cloth]_101.jpg,1
[cloth]_102.jpg,1
[cloth]_103.jpg,1
[cloth]_104.jpg,1
[cloth]_105.jpg,1
[cloth]_106.jpg,1
[cloth]_107.jpg,1
[cloth]_108.jpg,1
[cloth]_109.jpg,1
[cloth]_11.jpg,1
[cloth]_110.jpg,1
[cloth]_111.jpg,1
[cloth]_112.jpg,1
[cloth]_113.jpg,1
[cloth]_114.jpg,1
[cloth]_115.jpg,1
[cloth]_116.jpg,1
[cloth]_117.jpg,1
[cloth]_118.jpg,1
[cloth]_119.jpg,1
[cloth]_12.jpg,1
[cloth]_120.jpg,1
[cloth]_121.jpg,1
[cloth]_122.jpg,1
[cloth]_123.jpg,1
[cloth]_124.jpg,1
[cloth]_125.jpg,1
[cloth]_126.jpg,1
[cloth]_127.jpg,1
[cloth]_128.jpg,1
[cloth]_129.jpg,1
[cloth]_13.jpg,1
[cloth]_130.jpg,1
[cloth]_131.jpg,1
[cloth]_132.jpg,1
[cloth]_133.jpg,1
[cloth]_134.jpg,1
[cloth]_135.jpg,1
[cloth]_136.jpg,1
[cloth]_137.jpg,1
[cloth]_138.jpg,1
[cloth]_139.jpg,1
[cloth]_14.jpg,1
[cloth]_140.jpg,1
[cloth]_141.jpg,1
[cloth]_142.jpg,1
[cloth]_143.jpg,1
[cloth]_144.jpg,1
[cloth]_145.jpg,1
[cloth]_146.jpg,1
[cloth]_147.jpg,1
[cloth]_148.jpg,1
[cloth]_149.jpg,1
[cloth]_15.jpg,1
[cloth]_150.jpg,1
[cloth]_151.jpg,1
[cloth]_152.jpg,1
[cloth]_153.jpg,1
[cloth]_154.jpg,1
[cloth]_155.jpg,1
[cloth]_156.jpg,1
[cloth]_157.jpg,1
[cloth]_158.jpg,1
[cloth]_159.jpg,1
[cloth]_16.jpg,1
[cloth]_160.jpg,1
[cloth]_161.jpg,1
[cloth]_162.jpg,1
[cloth]_163.jpg,1
[cloth]_164.jpg,1
[cloth]_165.jpg,1
[cloth]_166.jpg,1
[cloth]_167.jpg,1
[cloth]_168.jpg,1
[cloth]_169.jpg,1
[cloth]_17.jpg,1
[cloth]_170.jpg,1
[cloth]_171.jpg,1
[cloth]_172.jpg,1
[cloth]_173.jpg,1
[cloth]_174.jpg,1
[cloth]_175.jpg,1
[cloth]_176.jpg,1
[cloth]_177.jpg,1
[cloth]_178.jpg,1
[cloth]_179.jpg,1
[cloth]_18.jpg,1
[cloth]_180.jpg,1
[cloth]_181.jpg,1
[cloth]_182.jpg,1
[cloth]_183.jpg,1
[cloth]_184.jpg,1
[cloth]_185.jpg,1
[cloth]_186.jpg,1
[cloth]_187.jpg,1
[cloth]_188.jpg,1
[cloth]_189.jpg,1
[cloth]_19.jpg,1
[cloth]_190.jpg,1
[cloth]_191.jpg,1
[cloth]_192.jpg,1
[cloth]_193.jpg,1
[cloth]_194.jpg,1
[cloth]_195.jpg,1
[cloth]_196.jpg,1
[cloth]_197.jpg,1
[cloth]_198.jpg,1
[cloth]_199.jpg,1
[cloth]_2.jpg,1
[cloth]_20.jpg,1
[cloth]_200.jpg,1
[cloth]_201.jpg,1
[cloth]_202.jpg,1
[cloth]_203.jpg,1
[cloth]_204.jpg,1
[cloth]_205.jpg,1
[cloth]_206.jpg,1
[cloth]_207.jpg,1
[cloth]_208.jpg,1
[cloth]_209.jpg,1
[cloth]_21.jpg,1
[cloth]_210.jpg,1
[cloth]_211.jpg,1
[cloth]_212.jpg,1
[cloth]_213.jpg,1
[cloth]_214.jpg,1
[cloth]_215.jpg,1
[cloth]_216.jpg,1
[cloth]_217.jpg,1
[cloth]_218.jpg,1
[cloth]_219.jpg,1
[cloth]_22.jpg,1
[cloth]_220.jpg,1
[cloth]_221.jpg,1
[cloth]_222.jpg,1
[cloth]_223.jpg,1
[cloth]_224.jpg,1
[cloth]_225.jpg,1
[cloth]_226.jpg,1
[cloth]_227.jpg,1
[cloth]_228.jpg,1
[cloth]_229.jpg,1
[cloth]_23.jpg,1
[cloth]_230.jpg,1
[cloth]_231.jpg,1
[cloth]_232.jpg,1
[cloth]_233.jpg,1
[cloth]_234.jpg,1
[cloth]_235.jpg,1
[cloth]_236.jpg,1
[cloth]_237.jpg,1
[cloth]_238.jpg,1
[cloth]_239.jpg,1
[cloth]_24.jpg,1
[cloth]_240.jpg,1
[cloth]_241.jpg,1
[cloth]_242.jpg,1
[cloth]_243.jpg,1
[cloth]_244.jpg,1
[cloth]_245.jpg,1
[cloth]_246.jpg,1
[cloth]_247.jpg,1
[cloth]_248.jpg,1
[cloth]_249.jpg,1
[cloth]_25.jpg,1
[cloth]_250.jpg,1
[cloth]_251.jpg,1
[cloth]_252.jpg,1
[cloth]_253.jpg,1
[cloth]_254.jpg,1
[cloth]_255.jpg,1
[cloth]_256.jpg,1
[cloth]_257.jpg,1
[cloth]_258.jpg,1
[cloth]_259.jpg,1
[cloth]_26.jpg,1
[cloth]_260.jpg,1
[cloth]_261.jpg,1
[cloth]_262.jpg,1
[cloth]_263.jpg,1
[cloth]_264.jpg,1
[cloth]_265.jpg,1
[cloth]_266.jpg,1
[cloth]_267.jpg,1
[cloth]_268.jpg,1
[cloth]_269.jpg,1
[cloth]_27.jpg,1
[cloth]_270.jpg,1
[cloth]_271.jpg,1
[cloth]_272.jpg,1
[cloth]_273.jpg,1
[cloth]_274.jpg,1
[cloth]_275.jpg,1
[cloth]_276.jpg,1
[cloth]_277.jpg,1
[cloth]_278.jpg,1
[cloth]_279.jpg,1
[cloth]_28.jpg,1
[cloth]_280.jpg,1
[cloth]_281.jpg,1
[cloth]_282.jpg,1
[cloth]_283.jpg,1
[cloth]_284.jpg,1
[cloth]_285.jpg,1
[cloth]_286.jpg,1
[cloth]_287.jpg,1
[cloth]_288.jpg,1
[cloth]_289.jpg,1
[cloth]_29.jpg,1
[cloth]_290.jpg,1
[cloth]_291.jpg,1
[cloth]_292.jpg,1
[cloth]_293.jpg,1
[cloth]_294.jpg,1
[cloth]_295.jpg,1
[cloth]_296.jpg,1
[cloth]_297.jpg,1
[cloth]_298.jpg,1
[cloth]_299.jpg,1
[cloth]_3.jpg,1
[cloth]_30.jpg,1
[cloth]_300.jpg,1
[cloth]_301.jpg,1
[cloth]_302.jpg,1
[cloth]_303.jpg,1
[cloth]_304.jpg,1
[cloth]_305.jpg,1
[cloth]_306.jpg,1
[cloth]_307.jpg,1
[cloth]_308.jpg,1
[cloth]_309.jpg,1
[cloth]_31.jpg,1
[cloth]_310.jpg,1
[cloth]_311.jpg,1
[cloth]_312.jpg,1
[cloth]_313.jpg,1
[cloth]_314.jpg,1
[cloth]_315.jpg,1
[cloth]_316.jpg,1
[cloth]_317.jpg,1
[cloth]_318.jpg,1
[cloth]_319.jpg,1
[cloth]_32.jpg,1
[cloth]_320.jpg,1
[cloth]_321.jpg,1
[cloth]_322.jpg,1
[cloth]_323.jpg,1
[cloth]_324.jpg,1
[cloth]_325.jpg,1
[cloth]_326.jpg,1
[cloth]_327.jpg,1
[cloth]_328.jpg,1
[cloth]_329.jpg,1
[cloth]_33.jpg,1
[cloth]_330.jpg,1
[cloth]_331.jpg,1
[cloth]_332.jpg,1
[cloth]_333.jpg,1
[cloth]_334.jpg,1
[cloth]_335.jpg,1
[cloth]_336.jpg,1
[cloth]_337.jpg,1
[cloth]_338.jpg,1
[cloth]_339.jpg,1
[cloth]_34.jpg,1
[cloth]_340.jpg,1
[cloth]_341.jpg,1
[cloth]_342.jpg,1
[cloth]_343.jpg,1
[cloth]_344.jpg,1
[cloth]_345.jpg,1
[cloth]_346.jpg,1
[cloth]_347.jpg,1
[cloth]_348.jpg,1
[cloth]_349.jpg,1
[cloth]_35.jpg,1
[cloth]_350.jpg,1
[cloth]_351.jpg,1
[cloth]_352.jpg,1
[cloth]_353.jpg,1
[cloth]_354.jpg,1
[cloth]_355.jpg,1
[cloth]_356.jpg,1
[cloth]_357.jpg,1
[cloth]_358.jpg,1
[cloth]_359.jpg,1
[cloth]_36.jpg,1
[cloth]_360.jpg,1
[cloth]_361.jpg,1
[cloth]_362.jpg,1
[cloth]_363.jpg,1
[cloth]_364.jpg,1
[cloth]_365.jpg,1
[cloth]_366.jpg,1
[cloth]_367.jpg,1
[cloth]_368.jpg,1
[cloth]_369.jpg,1
[cloth]_37.jpg,1
[cloth]_370.jpg,1
[cloth]_371.jpg,1
[cloth]_372.jpg,1
[cloth]_373.jpg,1
[cloth]_374.jpg,1
[cloth]_375.jpg,1
[cloth]_376.jpg,1
[cloth]_377.jpg,1
[cloth]_378.jpg,1
[cloth]_379.jpg,1
[cloth]_38.jpg,1
[cloth]_380.jpg,1
[cloth]_381.jpg,1
[cloth]_382.jpg,1
[cloth]_383.jpg,1
[cloth]_384.jpg,1
[cloth]_385.jpg,1
[cloth]_386.jpg,1
[cloth]_387.jpg,1
[cloth]_388.jpg,1
[cloth]_389.jpg,1
[cloth]_39.jpg,1
[cloth]_390.jpg,1
[cloth]_391.jpg,1
[cloth]_392.jpg,1
[cloth]_393.jpg,1
[cloth]_394.jpg,1
[cloth]_395.jpg,1
[cloth]_396.jpg,1
[cloth]_397.jpg,1
[cloth]_398.jpg,1
[cloth]_399.jpg,1
[cloth]_4.jpg,1
[cloth]_40.jpg,1
[cloth]_400.jpg,1
[cloth]_41.jpg,1
[cloth]_42.jpg,1
[cloth]_43.jpg,1
[cloth]_44.jpg,1
[cloth]_45.jpg,1
[cloth]_46.jpg,1
[cloth]_47.jpg,1
[cloth]_48.jpg,1
[cloth]_49.jpg,1
[cloth]_5.jpg,1
[cloth]_50.jpg,1
[cloth]_51.jpg,1
[cloth]_52.jpg,1
[cloth]_53.jpg,1
[cloth]_54.jpg,1
[cloth]_55.jpg,1
[cloth]_56.jpg,1
[cloth]_57.jpg,1
[cloth]_58.jpg,1
[cloth]_59.jpg,1
[cloth]_6.jpg,1
[cloth]_60.jpg,1
[cloth]_61.jpg,1
[cloth]_62.jpg,1
[cloth]_63.jpg,1
[cloth]_64.jpg,1
[cloth]_65.jpg,1
[cloth]_66.jpg,1
[cloth]_67.jpg,1
[cloth]_68.jpg,1
[cloth]_69.jpg,1
[cloth]_7.jpg,1
[cloth]_70.jpg,1
[cloth]_71.jpg,1
[cloth]_72.jpg,1
[cloth]_73.jpg,1
[cloth]_74.jpg,1
[cloth]_75.jpg,1
[cloth]_76.jpg,1
[cloth]_77.jpg,1
[cloth]_78.jpg,1
[cloth]_79.jpg,1
[cloth]_8.jpg,1
[cloth]_80.jpg,1
[cloth]_81.jpg,1
[cloth]_82.jpg,1
[cloth]_83.jpg,1
[cloth]_84.jpg,1
[cloth]_85.jpg,1
[cloth]_86.jpg,1
[cloth]_87.jpg,1
[cloth]_88.jpg,1
[cloth]_89.jpg,1
[cloth]_9.jpg,1
[cloth]_90.jpg,1
[cloth]_91.jpg,1
[cloth]_92.jpg,1
[cloth]_93.jpg,1
[cloth]_94.jpg,1
[cloth]_95.jpg,1
[cloth]_96.jpg,1
[cloth]_97.jpg,1
[cloth]_98.jpg,1
[cloth]_99.jpg,1
[surgical]_0.jpg,2
[surgical]_1.jpg,2
[surgical]_10.jpg,2
[surgical]_100.jpg,2
[surgical]_101.jpg,2
[surgical]_102.jpg,2
[surgical]_103.jpg,2
[surgical]_104.jpg,2
[surgical]_105.jpg,2
[surgical]_106.jpg,2
[surgical]_107.jpg,2
[surgical]_108.jpg,2
[surgical]_109.jpg,2
[surgical]_11.jpg,2
[surgical]_110.jpg,2
[surgical]_111.jpg,2
[surgical]_112.jpg,2
[surgical]_113.jpg,2
[surgical]_114.jpg,2
[surgical]_115.jpg,2
[surgical]_116.jpg,2
[surgical]_117.jpg,2
[surgical]_118.jpg,2
[surgical]_119.jpg,2
[surgical]_12.jpg,2
[surgical]_120.jpg,2
[surgical]_121.jpg,2
[surgical]_122.jpg,2
[surgical]_123.jpg,2
[surgical]_124.jpg,2
[surgical]_125.jpg,2
[surgical]_126.jpg,2
[surgical]_127.jpg,2
[surgical]_128.jpg,2
[surgical]_129.jpg,2
[surgical]_13.jpg,2
[surgical]_130.jpg,2
[surgical]_131.jpg,2
[surgical]_132.jpg,2
[surgical]_133.jpg,2
[surgical]_134.jpg,2
[surgical]_135.jpg,2
[surgical]_136.jpg,2
[surgical]_137.jpg,2
[surgical]_138.jpg,2
[surgical]_139.jpg,2
[surgical]_14.jpg,2
[surgical]_140.jpg,2
[surgical]_141.jpg,2
[surgical]_142.jpg,2
[surgical]_143.jpg,2
[surgical]_144.jpg,2
[surgical]_145.jpg,2
[surgical]_146.jpg,2
[surgical]_147.jpg,2
[surgical]_148.jpg,2
[surgical]_149.jpg,2
[surgical]_15.jpg,2
[surgical]_150.jpg,2
[surgical]_151.jpg,2
[surgical]_152.jpg,2
[surgical]_153.jpg,2
[surgical]_154.jpg,2
[surgical]_155.jpg,2
[surgical]_156.jpg,2
[surgical]_157.jpg,2
[surgical]_158.jpg,2
[surgical]_159.jpg,2
[surgical]_16.jpg,2
[surgical]_160.jpg,2
[surgical]_161.jpg,2
[surgical]_162.jpg,2
[surgical]_163.jpg,2
[surgical]_164.jpg,2
[surgical]_165.jpg,2
[surgical]_166.jpg,2
[surgical]_167.jpg,2
[surgical]_168.jpg,2
[surgical]_169.jpg,2
[surgical]_17.jpg,2
[surgical]_170.jpg,2
[surgical]_171.jpg,2
[surgical]_172.jpg,2
[surgical]_173.jpg,2
[surgical]_174.jpg,2
[surgical]_175.jpg,2
[surgical]_176.jpg,2
[surgical]_177.jpg,2
[surgical]_178.jpg,2
[surgical]_179.jpg,2
[surgical]_18.jpg,2
[surgical]_180.jpg,2
[surgical]_181.jpg,2
[surgical]_182.jpg,2
[surgical]_183.jpg,2
[surgical]_184.jpg,2
[surgical]_185.jpg,2
[surgical]_186.jpg,2
[surgical]_187.jpg,2
[surgical]_188.jpg,2
[surgical]_189.jpg,2
[surgical]_19.jpg,2
[surgical]_190.jpg,2
[surgical]_191.jpg,2
[surgical]_192.jpg,2
[surgical]_193.Jpeg,2
[surgical]_194.jpg,2
[surgical]_195.jpg,2
[surgical]_196.jpg,2
[surgical]_197.jpg,2
[surgical]_198.jpg,2
[surgical]_199.jpg,2
[surgical]_2.jpg,2
[surgical]_20.jpg,2
[surgical]_200.jpg,2
[surgical]_201.jpg,2
[surgical]_202.jpg,2
[surgical]_203.jpg,2
[surgical]_204.jpg,2
[surgical]_205.jpg,2
[surgical]_206.jpg,2
[surgical]_207.jpg,2
[surgical]_208.jpg,2
[surgical]_209.jpg,2
[surgical]_21.jpg,2
[surgical]_210.jpg,2
[surgical]_211.jpg,2
[surgical]_212.jpg,2
[surgical]_213.jpg,2
[surgical]_214.jpg,2
[surgical]_215.jpg,2
[surgical]_216.jpg,2
[surgical]_217.jpg,2
[surgical]_218.jpg,2
[surgical]_219.jpg,2
[surgical]_22.jpg,2
[surgical]_220.jpg,2
[surgical]_221.jpg,2
[surgical]_222.jpg,2
[surgical]_223.jpg,2
[surgical]_224.jpg,2
[surgical]_225.jpg,2
[surgical]_226.jpg,2
[surgical]_227.jpg,2
[surgical]_228.jpg,2
[surgical]_229.jpg,2
[surgical]_23.jpg,2
[surgical]_230.jpg,2
[surgical]_231.jpg,2
[surgical]_232.jpg,2
[surgical]_233.jpg,2
[surgical]_234.jpg,2
[surgical]_235.jpg,2
[surgical]_236.jpg,2
[surgical]_237.jpg,2
[surgical]_238.jpg,2
[surgical]_239.jpg,2
[surgical]_24.jpg,2
[surgical]_240.jpg,2
[surgical]_241.jpg,2
[surgical]_242.jpg,2
[surgical]_243.jpg,2
[surgical]_244.jpg,2
[surgical]_245.jpg,2
[surgical]_246.jpg,2
[surgical]_247.jpg,2
[surgical]_248.jpg,2
[surgical]_249.jpg,2
[surgical]_25.jpg,2
[surgical]_250.jpg,2
[surgical]_251.jpg,2
[surgical]_252.jpg,2
[surgical]_253.jpg,2
[surgical]_254.jpg,2
[surgical]_255.jpg,2
[surgical]_256.jpg,2
[surgical]_257.jpg,2
[surgical]_258.jpg,2
[surgical]_259.jpg,2
[surgical]_26.jpg,2
[surgical]_260.jpg,2
[surgical]_261.jpg,2
[surgical]_262.jpg,2
[surgical]_263.jpg,2
[surgical]_264.jpg,2
[surgical]_265.jpg,2
[surgical]_266.jpg,2
[surgical]_267.jpg,2
[surgical]_268.jpg,2
[surgical]_269.jpg,2
[surgical]_27.jpg,2
[surgical]_270.jpg,2
[surgical]_271.jpg,2
[surgical]_272.jpg,2
[surgical]_273.jpg,2
[surgical]_274.jpg,2
[surgical]_275.jpg,2
[surgical]_276.jpg,2
[surgical]_277.jpg,2
[surgical]_278.jpg,2
[surgical]_279.jpg,2
[surgical]_28.jpg,2
[surgical]_280.jpg,2
[surgical]_281.jpg,2
[surgical]_282.jpg,2
[surgical]_283.jpg,2
[surgical]_284.jpg,2
[surgical]_285.jpg,2
[surgical]_286.jpg,2
[surgical]_287.jpg,2
[surgical]_288.jpg,2
[surgical]_289.jpg,2
[surgical]_29.jpg,2
[surgical]_290.jpg,2
[surgical]_291.jpg,2
[surgical]_292.jpg,2
[surgical]_293.jpg,2
[surgical]_294.jpg,2
[surgical]_295.jpg,2
[surgical]_296.jpg,2
[surgical]_297.jpg,2
[surgical]_298.jpg,2
[surgical]_299.jpg,2
[surgical]_3.jpg,2
[surgical]_30.jpg,2
[surgical]_300.jpg,2
[surgical]_301.jpg,2
[surgical]_302.jpg,2
[surgical]_303.jpg,2
[surgical]_304.jpg,2
[surgical]_305.jpg,2
[surgical]_306.jpg,2
[surgical]_307.jpg,2
[surgical]_308.jpg,2
[surgical]_309.jpg,2
[surgical]_31.jpg,2
[surgical]_310.jpg,2
[surgical]_311.jpg,2
[surgical]_312.jpg,2
[surgical]_313.jpg,2
[surgical]_314.jpg,2
[surgical]_315.jpg,2
[surgical]_316.jpg,2
[surgical]_317.jpg,2
[surgical]_318.jpg,2
[surgical]_319.jpg,2
[surgical]_32.jpg,2
[surgical]_320.jpg,2
[surgical]_321.jpg,2
[surgical]_322.jpg,2
[surgical]_323.jpg,2
[surgical]_324.jpg,2
[surgical]_325.jpg,2
[surgical]_326.jpg,2
[surgical]_327.jpg,2
[surgical]_328.jpg,2
[surgical]_329.jpg,2
[surgical]_33.jpg,2
[surgical]_330.jpg,2
[surgical]_331.jpg,2
[surgical]_332.jpg,2
[surgical]_333.jpg,2
[surgical]_334.jpg,2
[surgical]_335.jpg,2
[surgical]_336.jpg,2
[surgical]_337.jpg,2
[surgical]_338.jpg,2
[surgical]_339.jpg,2
[surgical]_34.jpg,2
[surgical]_340.jpg,2
[surgical]_341.jpg,2
[surgical]_342.jpg,2
[surgical]_343.jpg,2
[surgical]_344.jpg,2
[surgical]_345.jpg,2
[surgical]_346.jpg,2
[surgical]_347.jpg,2
[surgical]_348.jpg,2
[surgical]_349.jpg,2
[surgical]_35.jpg,2
[surgical]_350.jpg,2
[surgical]_351.jpg,2
[surgical]_352.jpg,2
[surgical]_353.jpg,2
[surgical]_354.jpg,2
[surgical]_355.jpg,2
[surgical]_356.jpg,2
[surgical]_357.jpg,2
[surgical]_358.jpg,2
[surgical]_359.jpg,2
[surgical]_36.jpg,2
[surgical]_360.jpg,2
[surgical]_361.jpg,2
[surgical]_362.jpg,2
[surgical]_363.jpg,2
[surgical]_364.jpg,2
[surgical]_365.jpg,2
[surgical]_366.jpg,2
[surgical]_367.jpg,2
[surgical]_368.jpg,2
[surgical]_369.jpg,2
[surgical]_37.jpg,2
[surgical]_370.jpg,2
[surgical]_371.jpg,2
[surgical]_372.jpg,2
[surgical]_373.jpg,2
[surgical]_374.jpg,2
[surgical]_375.jpg,2
[surgical]_376.jpg,2
[surgical]_377.jpg,2
[surgical]_378.jpg,2
[surgical]_379.jpg,2
[surgical]_38.jpg,2
[surgical]_380.jpg,2
[surgical]_381.jpg,2
[surgical]_382.jpg,2
[surgical]_383.jpg,2
[surgical]_384.jpg,2
[surgical]_385.jpg,2
[surgical]_386.jpg,2
[surgical]_387.jpg,2
[surgical]_388.jpg,2
[surgical]_389.jpg,2
[surgical]_39.jpg,2
[surgical]_390.jpg,2
[surgical]_391.jpg,2
[surgical]_392.jpg,2
[surgical]_393.jpg,2
[surgical]_394.jpg,2
[surgical]_395.jpg,2
[surgical]_396.jpg,2
[surgical]_397.jpg,2
[surgical]_398.jpg,2
[surgical]_399.jpg,2
[surgical]_4.jpg,2
[surgical]_40.jpg,2
[surgical]_400.jpg,2
[surgical]_401.jpg,2
[surgical]_402.jpg,2
[surgical]_403.jpg,2
[surgical]_404.jpg,2
[surgical]_405.jpg,2
[surgical]_406.jpg,2
[surgical]_407.jpg,2
[surgical]_408.jpg,2
[surgical]_409.jpg,2
[surgical]_41.jpg,2
[surgical]_410.jpg,2
[surgical]_411.jpg,2
[surgical]_412.jpg,2
[surgical]_42.jpg,2
[surgical]_43.jpg,2
[surgical]_44.jpg,2
[surgical]_45.jpg,2
[surgical]_46.jpg,2
[surgical]_47.jpg,2
[surgical]_48.jpg,2
[surgical]_49.jpg,2
[surgical]_5.jpg,2
[surgical]_50.jpg,2
[surgical]_51.jpg,2
[surgical]_52.jpg,2
[surgical]_53.jpg,2
[surgical]_54.jpg,2
[surgical]_55.jpg,2
[surgical]_56.jpg,2
[surgical]_57.jpg,2
[surgical]_58.jpg,2
[surgical]_59.jpg,2
[surgical]_6.jpg,2
[surgical]_60.jpg,2
[surgical]_61.jpg,2
[surgical]_62.jpg,2
[surgical]_63.jpg,2
[surgical]_64.jpg,2
[surgical]_65.jpg,2
[surgical]_66.jpg,2
[surgical]_67.jpg,2
[surgical]_68.jpg,2
[surgical]_69.jpg,2
[surgical]_7.jpg,2
[surgical]_70.jpg,2
[surgical]_71.jpg,2
[surgical]_72.jpg,2
[surgical]_73.jpg,2
[surgical]_74.jpg,2
[surgical]_75.jpg,2
[surgical]_76.jpg,2
[surgical]_77.jpg,2
[surgical]_78.jpg,2
[surgical]_79.jpg,2
[surgical]_8.jpg,2
[surgical]_80.jpg,2
[surgical]_81.jpg,2
[surgical]_82.jpg,2
[surgical]_83.jpg,2
[surgical]_84.jpg,2
[surgical]_85.jpg,2
[surgical]_86.jpg,2
[surgical]_87.jpg,2
[surgical]_88.jpg,2
[surgical]_89.jpg,2
[surgical]_9.jpg,2
[surgical]_90.jpg,2
[surgical]_91.jpg,2
[surgical]_92.jpg,2
[surgical]_93.jpg,2
[surgical]_94.jpg,2
[surgical]_95.jpg,2
[surgical]_96.jpg,2
[surgical]_97.jpg,2
[surgical]_98.jpg,2
[surgical]_99.jpg,2
[n95]_0.jpg,3
[n95]_1.jpg,3
[n95]_10.jpg,3
[n95]_100.jpg,3
[n95]_101.jpg,3
[n95]_102.jpg,3
[n95]_103.jpg,3
[n95]_104.jpg,3
[n95]_105.jpg,3
[n95]_106.jpg,3
[n95]_107.jpg,3
[n95]_108.jpg,3
[n95]_109.jpg,3
[n95]_11.jpg,3
[n95]_110.jpg,3
[n95]_111.jpg,3
[n95]_112.jpg,3
[n95]_113.jpg,3
[n95]_114.jpg,3
[n95]_115.jpg,3
[n95]_116.jpg,3
[n95]_117.jpg,3
[n95]_118.jpg,3
[n95]_119.jpg,3
[n95]_12.jpg,3
[n95]_120.jpg,3
[n95]_121.jpg,3
[n95]_122.jpg,3
[n95]_123.jpg,3
[n95]_124.jpg,3
[n95]_125.jpg,3
[n95]_126.jpg,3
[n95]_127.jpg,3
[n95]_128.jpg,3
[n95]_129.jpg,3
[n95]_13.jpg,3
[n95]_130.jpg,3
[n95]_131.jpg,3
[n95]_132.jpg,3
[n95]_133.jpg,3
[n95]_134.jpg,3
[n95]_135.jpg,3
[n95]_136.jpg,3
[n95]_137.jpg,3
[n95]_138.jpg,3
[n95]_139.jpg,3
[n95]_14.jpg,3
[n95]_140.jpg,3
[n95]_141.jpg,3
[n95]_142.jpg,3
[n95]_143.jpg,3
[n95]_144.jpg,3
[n95]_145.jpg,3
[n95]_146.jpg,3
[n95]_147.jpg,3
[n95]_148.jpg,3
[n95]_149.jpg,3
[n95]_15.jpg,3
[n95]_150.jpg,3
[n95]_151.jpg,3
[n95]_152.jpg,3
[n95]_153.jpg,3
[n95]_154.jpg,3
[n95]_155.jpg,3
[n95]_156.jpg,3
[n95]_157.jpg,3
[n95]_158.jpg,3
[n95]_159.jpg,3
[n95]_16.jpg,3
[n95]_160.jpg,3
[n95]_161.jpg,3
[n95]_162.jpg,3
[n95]_163.jpg,3
[n95]_164.jpg,3
[n95]_165.jpg,3
[n95]_166.jpg,3
[n95]_167.jpg,3
[n95]_168.jpg,3
[n95]_169.jpg,3
[n95]_17.jpg,3
[n95]_170.jpg,3
[n95]_171.jpg,3
[n95]_172.jpg,3
[n95]_173.jpg,3
[n95]_174.jpg,3
[n95]_175.jpg,3
[n95]_176.jpg,3
[n95]_177.jpg,3
[n95]_178.jpg,3
[n95]_179.jpg,3
[n95]_18.jpg,3
[n95]_180.jpg,3
[n95]_181.jpg,3
[n95]_182.jpg,3
[n95]_183.jpg,3
[n95]_184.jpg,3
[n95]_185.jpg,3
[n95]_186.jpg,3
[n95]_187.jpg,3
[n95]_188.jpg,3
[n95]_189.jpg,3
[n95]_19.jpg,3
[n95]_190.jpg,3
[n95]_191.jpg,3
[n95]_192.jpg,3
[n95]_193.jpg,3
[n95]_194.jpg,3
[n95]_195.jpg,3
[n95]_196.jpg,3
[n95]_197.jpg,3
[n95]_198.jpg,3
[n95]_199.jpg,3
[n95]_2.jpg,3
[n95]_20.jpg,3
[n95]_200.jpg,3
[n95]_201.jpg,3
[n95]_202.jpg,3
[n95]_203.jpg,3
[n95]_204.jpg,3
[n95]_205.jpg,3
[n95]_206.jpg,3
[n95]_207.jpg,3
[n95]_208.jpg,3
[n95]_209.jpg,3
[n95]_21.jpg,3
[n95]_210.jpg,3
[n95]_211.jpg,3
[n95]_212.jpg,3
[n95]_213.jpg,3
[n95]_214.jpg,3
[n95]_215.jpg,3
[n95]_216.jpg,3
[n95]_217.jpg,3
[n95]_218.jpg,3
[n95]_219.jpg,3
[n95]_22.jpg,3
[n95]_220.jpg,3
[n95]_221.jpg,3
[n95]_222.jpg,3
[n95]_223.jpg,3
[n95]_224.jpg,3
[n95]_225.jpg,3
[n95]_226.jpg,3
[n95]_227.jpg,3
[n95]_228.jpg,3
[n95]_229.jpg,3
[n95]_23.jpg,3
[n95]_230.jpg,3
[n95]_231.jpg,3
[n95]_232.jpg,3
[n95]_233.jpg,3
[n95]_234.jpg,3
[n95]_235.jpg,3
[n95]_236.jpg,3
[n95]_237.jpg,3
[n95]_238.jpg,3
[n95]_239.jpg,3
[n95]_24.jpg,3
[n95]_240.jpg,3
[n95]_241.jpg,3
[n95]_242.jpg,3
[n95]_243.jpg,3
[n95]_244.jpg,3
[n95]_245.jpg,3
[n95]_246.jpg,3
[n95]_247.jpg,3
[n95]_248.jpg,3
[n95]_249.jpg,3
[n95]_25.jpg,3
[n95]_250.jpg,3
[n95]_251.jpg,3
[n95]_252.jpg,3
[n95]_253.jpg,3
[n95]_254.jpg,3
[n95]_255.jpg,3
[n95]_256.jpg,3
[n95]_257.jpg,3
[n95]_258.jpg,3
[n95]_259.jpg,3
[n95]_26.jpg,3
[n95]_260.jpg,3
[n95]_261.jpg,3
[n95]_262.jpg,3
[n95]_263.jpg,3
[n95]_264.jpg,3
[n95]_265.jpg,3
[n95]_266.jpg,3
[n95]_267.jpg,3
[n95]_268.jpg,3
[n95]_269.jpg,3
[n95]_27.jpg,3
[n95]_270.jpg,3
[n95]_271.jpg,3
[n95]_272.jpg,3
[n95]_273.jpg,3
[n95]_274.jpg,3
[n95]_275.jpg,3
[n95]_276.jpg,3
[n95]_277.jpg,3
[n95]_278.jpg,3
[n95]_279.jpg,3
[n95]_28.jpg,3
[n95]_280.jpg,3
[n95]_281.jpg,3
[n95]_282.jpg,3
[n95]_283.jpg,3
[n95]_284.jpg,3
[n95]_285.jpg,3
[n95]_286.jpg,3
[n95]_287.jpg,3
[n95]_288.jpg,3
[n95]_289.jpg,3
[n95]_29.jpg,3
[n95]_290.jpg,3
[n95]_291.jpg,3
[n95]_292.jpg,3
[n95]_293.jpg,3
[n95]_294.jpg,3
[n95]_295.jpg,3
[n95]_296.jpg,3
[n95]_297.jpg,3
[n95]_298.jpg,3
[n95]_299.jpg,3
[n95]_3.jpg,3
[n95]_30.jpg,3
[n95]_300.jpg,3
[n95]_301.jpg,3
[n95]_302.jpg,3
[n95]_303.jpg,3
[n95]_304.jpg,3
[n95]_305.jpg,3
[n95]_306.jpg,3
[n95]_307.jpg,3
[n95]_308.jpg,3
[n95]_309.jpg,3
[n95]_31.jpg,3
[n95]_310.jpg,3
[n95]_311.jpg,3
[n95]_312.jpg,3
[n95]_313.jpg,3
[n95]_314.jpg,3
[n95]_315.jpg,3
[n95]_316.jpg,3
[n95]_317.jpg,3
[n95]_318.jpg,3
[n95]_319.jpg,3
[n95]_32.jpg,3
[n95]_320.jpg,3
[n95]_321.jpg,3
[n95]_322.jpg,3
[n95]_323.jpg,3
[n95]_324.jpg,3
[n95]_325.jpg,3
[n95]_326.jpg,3
[n95]_327.jpg,3
[n95]_328.jpg,3
[n95]_329.jpg,3
[n95]_33.jpg,3
[n95]_330.jpg,3
[n95]_331.jpg,3
[n95]_332.jpg,3
[n95]_333.jpg,3
[n95]_334.jpg,3
[n95]_335.jpg,3
[n95]_336.jpg,3
[n95]_337.jpg,3
[n95]_338.jpg,3
[n95]_339.jpg,3
[n95]_34.jpg,3
[n95]_340.jpg,3
[n95]_341.jpg,3
[n95]_342.jpg,3
[n95]_343.jpg,3
[n95]_344.jpg,3
[n95]_345.jpg,3
[n95]_346.jpg,3
[n95]_347.jpg,3
[n95]_348.jpg,3
[n95]_349.jpg,3
[n95]_35.jpg,3
[n95]_350.jpg,3
[n95]_351.jpg,3
[n95]_352.jpg,3
[n95]_353.jpg,3
[n95]_354.jpg,3
[n95]_355.jpg,3
[n95]_356.jpg,3
[n95]_357.jpg,3
[n95]_358.jpg,3
[n95]_359.jpg,3
[n95]_36.jpg,3
[n95]_360.jpg,3
[n95]_361.jpg,3
[n95]_362.jpg,3
[n95]_363.jpg,3
[n95]_364.jpg,3
[n95]_365.jpg,3
[n95]_366.jpg,3
[n95]_367.jpg,3
[n95]_368.jpg,3
[n95]_369.jpg,3
[n95]_37.jpg,3
[n95]_370.jpg,3
[n95]_371.jpg,3
[n95]_372.jpg,3
[n95]_373.jpg,3
[n95]_374.jpg,3
[n95]_375.jpg,3
[n95]_376.jpg,3
[n95]_377.jpg,3
[n95]_378.jpg,3
[n95]_379.jpg,3
[n95]_38.jpg,3
[n95]_380.jpg,3
[n95]_381.jpg,3
[n95]_382.jpg,3
[n95]_383.jpg,3
[n95]_384.jpg,3
[n95]_385.jpg,3
[n95]_386.jpg,3
[n95]_387.jpg,3
[n95]_388.jpg,3
[n95]_389.jpg,3
[n95]_39.jpg,3
[n95]_390.jpg,3
[n95]_391.jpg,3
[n95]_392.jpg,3
[n95]_393.jpg,3
[n95]_394.jpg,3
[n95]_395.jpg,3
[n95]_396.jpg,3
[n95]_397.jpg,3
[n95]_398.jpg,3
[n95]_399.jpg,3
[n95]_4.jpg,3
[n95]_40.jpg,3
[n95]_41.jpg,3
[n95]_42.jpg,3
[n95]_43.jpg,3
[n95]_44.jpg,3
[n95]_45.jpg,3
[n95]_46.jpg,3
[n95]_47.jpg,3
[n95]_48.jpg,3
[n95]_49.jpg,3
[n95]_5.jpg,3
[n95]_50.jpg,3
[n95]_51.jpg,3
[n95]_52.jpg,3
[n95]_53.jpg,3
[n95]_54.jpg,3
[n95]_55.jpg,3
[n95]_56.jpg,3
[n95]_57.jpg,3
[n95]_58.jpg,3
[n95]_59.jpg,3
[n95]_6.jpg,3
[n95]_60.jpg,3
[n95]_61.jpg,3
[n95]_62.jpg,3
[n95]_63.jpg,3
[n95]_64.jpg,3
[n95]_65.jpg,3
[n95]_66.jpg,3
[n95]_67.jpg,3
[n95]_68.jpg,3
[n95]_69.jpg,3
[n95]_7.jpg,3
[n95]_70.jpg,3
[n95]_71.jpg,3
[n95]_72.jpg,3
[n95]_73.jpg,3
[n95]_74.jpg,3
[n95]_75.jpg,3
[n95]_76.jpg,3
[n95]_77.jpg,3
[n95]_78.jpg,3
[n95]_79.jpg,3
[n95]_8.jpg,3
[n95]_80.jpg,3
[n95]_81.jpg,3
[n95]_82.jpg,3
[n95]_83.jpg,3
[n95]_84.jpg,3
[n95]_85.jpg,3
[n95]_86.jpg,3
[n95]_87.jpg,3
[n95]_88.jpg,3
[n95]_89.jpg,3
[n95]_9.jpg,3
[n95]_90.jpg,3
[n95]_91.jpg,3
[n95]_92.jpg,3
[n95]_93.jpg,3
[n95]_94.jpg,3
[n95]_95.jpg,3
[n95]_96.jpg,3
[n95]_97.jpg,3
[n95]_98.jpg,3
[n95]_99.jpg,3
